 历经5备2筹 斥资数亿，约6000 结20家于 2020619营业 2020711对营业  谢提供橙V别通 20201013 起走进旧光叹  性💋……  ✅：入 作起 了让家近烟火情 “”槛朴八宾  ✅：州座物馆 州区寻，收近万件物件聚幢三层楼空。  斑驳癣、凉茶……仿佛坐历物馆验，与马对面奢云太古汇相映。  ✅三：菜融合湘西府 挖掘民并结合潮，形了创饮模！  ，推「招虾」府「咸蛋黄」，沙「臭豆腐」湘西串，烤嫩肉、烤玉粒！  ✅四：80场夜 希那：“记忆、活头呈现家面”，然，也排除万做到了！  团遍了荔西、越秀山与海珠华西，遍州游说了20家有历店入驻！  ‼️档晚23：00左右陆烊，消费端楼，热腾腾夜，厅晚营业至凌晨三！  👗穿议： 了更好片，议穿髦复古洋装卡，穿ICY露肩绑连背很调。  👨‍👩‍👦‍👦订座： 厅3-4 ☑️接受三订位取： 1⃣️众 2⃣️WX 3⃣️dou音  #实信息# 🏡店：（太古汇店） 🈺️：11:00-0:300 💰均：108 📍：河73 🚇交通：3线石桥站BRT行380 @@州@叫髦精   		收起评价   
 💫光倒流十年💫  📍  正业后，中午业，里广吃来，齐，而且听讲中午去更少！蟹，衬嚟丰午餐！  [薄荷]环境：说广新标，！怀旧筑，砖用心，觉光倒流十年，，广字吃，花缭，何  [铃]： 走高，员招，，主动介绍蟹红美，桌纸、手套、篮垃圾桶，调，上快！  「蟹」蟹节然要点蟹！蟹湖方，属于湘，吃错！盘，对半，只蟹，螃蟹泽，，，吃来觉！我，看着得津津，也吃只！实太刺！ 「碌鹅」家美，竟然可以喺广酒！泽邃却失油光，滑嫩，连头酥软！ 「肥钵糕」平要喺城才广吃，现河可以，紧要系，还候！   		收起评价   
 [薄]： 是现代极高楼厦，是80年代旧楼，，很震撼到🙃。 二楼区域计80年代民楼，窗、电线、晾晒衣都很逼真原，自己就是住！  ✅特色荐： 对于吃货言，我们既多选，想打卡字也东西，打卡get√  1⃣️20炒也很，很肥，紫苏辣椒中，嗦朋吹吹，很夜市feel。 2⃣️文臭豆也是要来，荐家杯柠檬茶、柠檬来解辣哦！样下10臭豆吗？ 3⃣️15，蒡、肺、肠、筋都碗。收汁，道郁，嗯，是阿婆内！  最后心动如动，着末验种奇食撞！  📍店铺地：广州市区东路75 🚞交通引：3线桥BRT步430m ⏰营时：17:00-02:00 💰文：117   		收起评价   
 [薄]环境： 广超级文和友，应该城中村主计，本正广并可所谓广计。只生搬硬井符，犹如话剧场。吃时候耳边直温90年代港劲金曲也几瘾。中在，很，加周围桌话，在密噪轰轰舒。如果真街外相来么嘈。 []：感谢点评网橙V，相于5折优惠，前预约免队。下单度速度都。 「」，去，度可以。肉质饱满新。只塑料袋装着，有点。 「椒盐鱼」非常脆刚刚！，。 「花」得，有肉，只有点点碎屑。 「咸黄小瓜」感黄有起道也，来湿干。 「冰镇葵」非常适清蔬！ 「烤牛」焦脆，烤准。，冷得，肉冷感么。 「超级柠檬」有传中超级。通样，家自切柠檬做。柠檬吃才。 中吃，还需努努力吃才光。橙V吃小时，验还。   		收起评价   
 2020度超红 来自沙餐牌“友”州汇家，度吸引大量游，因为它真很特❗️ 【环特】 1.现代繁华CBD区域内建造破复大楼，老结合，噱头十。 2.餐环仿身80代州、香港，代强 3.小，特（发、零食、复玩具） 【特】 友沙🦞牌，牌+当传统特小。牌➕当，因制宜，适合本外游。 —————————————- 国庆期间晚上7，取个号，前面候432桌❗️ 倒数字❗️BUT！多经定决致，耐吧！外面照，，粤老歌，间过快。 入餐，直走参道，个选择 —————————————- 「超柠檬茶」 茶味很，微微苦💰12元杯，位 「八珍」般吧 「沙湾奶牛皇姜埋奶」，甜度好，清腻 「友虾」很！（能评定）服务员说“，觉” 「陈添记鱼皮」好！腥，口清 其，整吧，个氛围整，思。   		收起评价   
 打聚集-超级 万难号，入去之后奔靓位先，路好多广都忍唔住停照📸  [薄荷]环境： 广道很重，添记，炒螺等记忆满满以前式骑盗都样样齐 「咕咾」系广，肥瘦间五花做成咕路🥩加绝妙酸甜，口激灵好 「八珍煎」之，八珍煎已普通子🥟了，口怀，脆脆外皮咬去无 「蒜蓉蟹」这得蒜蓉大螃蟹🦀，当季食物美，蟹皇全都爆啦   		收起评价   
 天下午點🉑️vx公眾號取號，現場排隊，線號都。還些點號員都會宵夜時間十點，號沒。 星期點號快過號，五點，那邊點過還等個時........點 門外排隊，直接逛逛，沒之剛開業說排隊久。 出穗碼，測體溫，消毒洗手。總共層，內堂位，比較舒服調。  [服务铃]服务： 為點評vip會層比較舒適專門待區，但派號安排3區層坐下動，而樓步步為難，下樓來，電梯還沒開放。 服務態，姊姊溫柔婉約，還幫剝蝦，子🦞都給剝完。  [薄]环： 環確實意思，廣州潮復古築。裡逛覺似街景型中員，聯港電介紹舊時龍城寨貌。過短，來，長槍短，亮妹妹。週末實，照📷沒興，完飯逛逛走。  👩🏻‍🍳嚐品 「虾」 🌶️🌶️，但沒。姊姊懶剝蝦叫幫剝，還喜歡自剝，赶时间幫剝快完頓飯。龍蝦個頭還行，還帶加分。時還介紹說裝塑料品安級別材料，那樣裝能鎖。 管🤷🏻‍♀️，點評評價這裝，確實這說心經營，議聽進。 「柠檬」 甜適中，🍋蘇打🧊，渴。 「咸蛋」 鹹蛋黃，雲南本來。任憑鹹蛋黃還足，後還沒完。 「椒肚鱼」 椒鹽炸脆脆，口。🐟骨頭少細🦴，整塊。為還，點膩。 「」 醬汁濃，覺。像本，紫蘇提鮮，蓉豉增，還慣本。 「镇秋」 秋10還，比較沒處理。配芥末醬，還點說贈送給們。 「肉」「烧」「玉米」 串串里，！膩！ 「阿杂」 18，之沒過阿雜，麼別。反正覺和普雜沒麼異。  後聲下單還個「腐」，還時間沒催單，忘後離沒，員沒幫，自後來起，開心！  少個腐開心外總體還。單價格調價都適中，量，服務態。 這專門過來嘗試，下來麼時。這提功課，排隊個時還。帶👪拖帶口帶朋友麼，別抱孩沒位坐苦。   		收起评价   
 #广新晋网红地#  [薄荷]环境： 瓷砖墙、牌和铁门年装，仿A梦机到年一样，适合拍，～  [务]务： 排位按示应楼，工作人员务，菜速快，收拾盘。  「牌蟹粥」蟹，加菜升海，粥底，和蟹，米粒一粒粒有劲，道错。  「蒜蓉蟹」秋天正值吃蟹季节一气扑，蟹有蟹，，美，色俱准备一次性手，很贴   		收起评价   
 作老，闺蜜，带一打卡-超级文。由上位，所们选白天看究。 【位置】太汇，东文华酒店左侧。铁3石桥很找。logo角处，超认！ 【环境】参照老道旧建筑，真能勾起童年回忆。连上“皮癣”贴很有道。左转右转也很像儿各。十足。 【菜品】，没有自所选物。刚上菜觉分量少，一碟一些碟，道挺错。现饱。导很多逛逛。 -肚：推荐儿道。爱，买回酥炸给。偏，一接一。「肚」 -：也式排档招菜。每一裹满，热爱你，绝对停「」 -🦞：文沙特。。「招」「老沙」 花甲，镇秋葵，烤串，过失。总体偏，重哟～「花甲」「烧烤」  【服务】夸服务，服务员哥哥帮忙，每一超干净，去。满足想又想愿望。  【Tips】白天没什么，11才门，很早有排取。该，拍照，逛逛。   		收起评价   
 后栋~隔条路，共3~外以片围，筋水泥眼可见，“级友”五个字~犷带着时尚，引瞩。  []境： 是与碰撞，三像是八筒，围高起来似乎~二个区域被计成居民，台、电线、晾晒衣很真原，边些高低绿招牌，幻市风，这也是吸引眼球。 「蓉」因~点蓉龙~个，但味道~香统统。 「臭豆腐」是来友必点啦~挺，并没什么臭味。 这儿仅卖龙，老州~便来打卡位游客。 餐境较嘈，很档氛围。  []： 位热情，提醒裙女别走悬空~直达电可乘。   		收起评价   
 难国庆长假，于间来这网红打卡，隔马路能看山海，还去拍朋只需示康码，总体还挺。 前为这专门龙虾，去发非如，面多铺，都颇老色，怀旧风设计，多样化，让情不禁拍，累候顺家喜杯料，什么，哦。 逛三候看家多队料，杯招牌鸳鸯王，，讲，前没过这，般不咖啡，鸳鸯第，发它既咖啡香味，又味道，怪不那么多。绕完回，看荔银，爱牛肉，做超，服度也，必须呀。   		收起评价   
 🌿🌿🌿环境🌿🌿🌿 远明玻璃，近才发现刻版街。几层修部都以70-80年代格而成，秒到那年感觉店📺📻🎞☎️📡  🥘🥘🥘菜🥘🥘🥘 文适合照📸之，更代长道😋在，你仅仅长口，种二怀  🦐「蓉」 于，蓉，小龙很，已。酱料很充足，小龙虽，爽口牙  🥠「文臭」 臭长代之，黑色上面盖泥、、菜，入口儿已在臭，果好  🍚「油拌」 小小碗，碗起，道真年  🍡「牛油」 几烧面爱，甘，咬  🥒「咸蛋黄小瓜」 推荐，对雷  🍹「超柠檬」 论酸都好，好喝😋解  🛎🛎🛎服务🛎🛎🛎 印象刻店员到来光顾，麻烦将统椅成靠背椅。  🌈🌈🌈很会做生，期间边边槟榔、小。店阵列种怀也可出售， 生做果滴漏🤭🤭   		收起评价   
 这装别具，属于怀旧，型饮食卡超级题。，以前直除机能口福，自蕾则毫享受，到，这确出口担当，每东西，被惊艳到！高，十足，就街，湖南场，地气。领部热爱本职，特如珍，面带笑，热礼，介铺特增多乐，这印象，十个赞！番D，九鱼配刚刚，，特，脆诱，齿颊留，最爱！蒜蓉龙虽，多，常鲜，蒜蓉点腻口，把握。甲锅气，虽多掉出，无顶，瑕掩瑜。串，多形，正就再。其他各类出在类上游平，出担当，当之无！装华怀旧，而原，可以租戏。性台验，高质牛，本钱，错。   		收起评价   
 谢众网厚爱，谢王餐  [薄荷]环境： 现高级字旁边了一栋建，里着州80年井文化息。生锈自行车、福利彩、候零、发廊、暖系花衬。好像穿了。州街头：陈添记、、炒螺明、钵、沙湾甜。  [服铃]服： 服哥穿梭各个餐桌之间。勤。  「臭腐」居然臭外内软，汁都腐里，味。。 「」头已拿掉，份量足。麻。完 「椒盐九肚」，，好。 「级柠檬水」，柠檬水解。 「炒花甲」算，味，饱满。 「咸黄瓜」规矩。 「秋」去头去，放，蘸芥末酱油，芥末味为主。 「烧烤」湘味。。 套餐份量足，两个人完意王餐，谢谢   		收起评价   
" 海来朋文和 太火爆于了招跑拿 四七们场 跑费金 前拿基10后直接被告日早  改成老式怀旧整栋🏠 游走楼摊外走吃爱 以择太今共8了30还以为们组 吃汇 【皮】现来脆独爱吃皮简直眼放光 【尾】了4🦞只尾肉入辣合口推 【柠檬茶】甜好安 【煎】！！ 【炒花】！！ 【冰镇秋葵】！！ 【】招入韧推 【炒花】推推 【蒜蓉】入蒜蓉 【招】入以这好 【辣】入 【腐】错以尝 【辣】敢们了！（其了单）好吃好吃别~推 【咸蛋】咸蛋嫩 【炒螺】喜欢吃螺 【添记皮】入推今推品惨 【油】好ci安 了摆摊形式撩狂好玩   日分𝙛𝙤𝙧 𝙪,𝙝𝙤𝙥𝙚 𝙪 𝙬𝙞𝙡𝙡 𝙡𝙞𝙠𝙚 𝙞𝙩.𝐒𝐞𝐞 𝐲𝐚   		收起评价   "
 巡感谢爸爸赐予我免费又丰盛餐 上9之后就用，赶着吃那个去，用队 楼广州接气吃，2，3楼其空间，除，吃。 作人员服务态，能及时发现求 每错，玉粒，胸特别吃 蓉龙，其尾，道，蓉香，就龙太 沙云瓜做跟孖记牛批 炒有辣，，下， 用，须会有下 9有姐姐在队，我觉他们个域   		收起评价   
 问广州近哪火🔥就超级友。 地：距地铁公交都超便石站过500米 环境：留住光脚，进这就进光隧道，那些童年街道，品，，熙攘街市人群。可过逛逛重温下光。 服：议路线先取号队，避开间，然去逛逛，拍照，地道小，然再回就可到号。 道：，个地 #蓉小龙，每个日晚怎得小龙。丰厚泥，Q弹，助人为乐帅员帮们剥，小仙们就可无旁逸！ #友长豆腐，这怎可份豆腐？！都说香，得认，还真就喜欢这个，内，咬口还飙汁。   		收起评价   
 卡近期网店，最近排队人数多，去 「招」辣，，大，剥半天，可请哥免费帮剥，服务非到位 「臭腐」虽招之，我觉炸，汁满，较辣 「蛋黄丝」满满蛋黄，固醇，盘蛋黄，就下筷 「椒」避风塘法，表皮酥脆，辣香， 「炒」量可，，，些吐净 「牛」「串」孜道香，因为颗粒太， 「葵」葵蘸芥，道 「梅汁」配龙解辣 吃饱足在逛逛，被吃馋到，肥糕克钵糕满克出，「榴莲钵糕」错，买信「老婆」「信鸡」，道如既   		收起评价   
 📍在太古旁边 🕛时间太长，前到看况断拍照，今中特排队，发没啥，所以议各工中。 [薄荷]环境： 90年风格吧，饭大多冲着拍照味是可以，较好「烤牛」「椒」雪糖「招牌品」 [务铃]务： 务态度还不错。不过楼东需自己去购买打包。   		收起评价   
 写太汇店，际上系太汇后面，条街，也找，对办公朋方，就说排队尽。而我们中午约霸王，多，12左依，几层，其太心等。  「超级柠檬」叫，惜，新，柠檬涩，适中，生津解，喝完。  「文和臭豆」黝黝臭豆，闻上臭，上，豆干，酱够浓。  「蓉」菜充足，，没咸，龙起够，淡，别肉梅。  「咸蛋瓜」咸蛋浓郁，入砂砂，够咸，过失。 「椒肚鱼」鱼炸得酥脆，松化，，落，淡。 「炒花」，就停，停超，也样，落。。厨师这菜忘记放？？ 「秋」秋老，够，酱汁般。 「烤牛油」酥，，，值得推。  体说，服就助，服员泼屁股水。。。也心也赔，希望多意。。。环境，繁多，为，适过试朋，聚适宜。希望对待，质大升空。  谢DP霸王。   		收起评价   
 经常路过到排长，转等节闲，跟中午过打卡“太古汇超级文”，然是广州地标，相当力。 广州三文算都齐了。可以说各有特，这文除了长小之外，近蟹🦀季节蟹然都很OK。说蟹蒸吃？吃他「蒜蓉蟹」断情恋。 「咕咾」酸甜度把握得，油靓，吃花生油的味，一一「示」，超正！   		收起评价   
 作为个，起听觉没么了不起，然而当我现场时候真打了 [薄荷]：州80.90年代风貌称上州标，餐，修，至碗碟都满满州。「蓉蟹」好好吃，蓉将蟹鲜出，蟹膏金黄。「招牌蟹粥」斤，花假煲成煲粥都好鲜「臭」来点可唔具特色招牌炸脆软「锦水」部都路那时候喝过。州饮四大天王：沙，健力，王吉，啤「菏芹炒腊」镬气，荷兰芹绿搭埋具州特色式腊「椒盐九肚鱼」香口送啤   		收起评价   
 谢级文友众点评，中双霸。 [薄]环境：汇后，级文友几层楼，民宅风。很楼候位。 「爆」，，一碗蓉调，店还们，可惜同行吃，估计招牌会更。 「炒花」韭，椒圈爆炒花，，锅气，提，花全部能窍，新，推荐！ 「椒盐九肚鱼」九肚鱼裹上粉锅，酥，， 「蛋黄瓜」蛋黄碎爆炒云南瓜，瓜，蛋黄润，而且蛋黄，出错，价比。 「牛」「牛肉」「玉米粒」牛吃会腻，其串就一般般吧。 「镇」放搪瓷盅，一碗芥末豉，清爽得又刺。 「文友臭」五件臭，酥，可度，还。 「级柠檬水」几片柠檬水，凉清甜，渴。  [服务铃]服务：上快，热。费提手套，围輑，卷纸，收茶位费。  总说，虽，盛碗碟恰到，最赞价，实，错。值得翻！！！   		收起评价   
 评，让我抽中霸王刚始还纠要要排队几个小，和，的预电，按定间前往即可。 🙆【整】务，OK特别，适合打卡 [薄]环境：用说，各公号都，候打卡📷，复80年布置，楼设计所角落都致，具可以视频（太放下） ：二分量足，吃完还打包，OK惊 「黄丝」推，足，吃后会腻 「椒九肚鱼」块，，就淡 「」虽，，牛，入口口膏香，第知牛吃 「花甲」个，鲜，，推 「臭豆腐」对较，没什特别，过失 「蒜蓉」主打的小龙，实没惊，个也般，鲜，而且过，掰起吃 和自的杨汁较般，偏淡 [务铃]务：务，问题都及助，个   		收起评价   
 州第级文友，国期的人实多了，餐的话都队上千号了，果单逛圈观的话，旁边的观进可，队方便。  开始级文友，才知他偏向个美，招揽州各的知小，也咖啡庙酉这种网红，还卖电唱片的复。  整个级文友张念碟。   		收起评价   
 朋约，次来文饭，真喜欢这里，环境，人仿佛旧  「蓉蟹」🦀一兜蟹，只，我有，蓉入，超级不错！蓉香～ 「招牌虾蟹」🥄这个我挚呀！虾入，蟹渗透里，～几碗，足之，更   		收起评价   
 了橙V两人套劵160元。整套下就值劵后价格吧。整味偏，烤份珍，完吃不撸瘾，感觉就几肉丁？龙规矩，其它菜式就什值得说了。总讲，算打卡吃噱头吧，下5前不排，确实不值得排长而。服务态度soso.   		收起评价   
 人无意中天河区网红打地，在太古汇方，方文华店左，地铁3号线和BRT都石牌下。 着里时高楼，80怀旧装修，里，佛条时光隧道，回十前。顾，从楼楼，处转，象在时街巷，遇多过来打拍照朋，虽然识，却聊得来，得高兴。 饿，在荔银肠碟鼓油王肉肠，美味回顾，忘记给肠拍照。   		收起评价   
 信所听，个古 聚本土出店，格还八十格，入座仿佛置身灯红街边档 味道方差 但由特别所以论多晚门口一波进。 位伙伴准4点半网上号，也差多8点才就，实“输行头惨”🤣🤣🤣 就程中，难夜界草明星“炒螺明”从前宝业路见少次🥳🥳🥳 听受邀日一颇为，然只看影哈哈哈哈 来，拍拍照，别一味。   		收起评价   
 来几次每次么间来都爆这次用橙v特权还插一朵玫瑰花菜品很味道服务员哥态度很还问忙剥龙很在外拍照卡还拿着槟榔钵仔糕叫卖80代风很意思   		收起评价   
 女逛超级友，买杯奶喝 在太汇站来要走15钟左右，嗯要急，走走看到大概就到。 们来两是上超级，排堵。 好复元，好情侣在里打卡，们趁机张。奶挺好喝，推荐   		收起评价   
 网，觉得最！2020年最火餐，猜必——级文。 刷爆朋圈怀旧风，打，评差评参差齐~美食，因队长而……  本着度快吧，择工日上识下。意外度依旧还在，还需求队！至在需拍3-4夸张 品： 「文腐」着文，找腐！哈哈哈，失，新鲜炉气腾腾！长边，对而在东省内蛮！，喜再加哟 「蒜蓉蟹」桌会~里唯蟹！着别颜值极高蟹，换。真失，会定！ 「明」隔壁两哥哥，两盘。得嘴问？狂头，~再，次收句话。 「酱爆生肠」次生肠，，害怕腥，分喜 「豉鲮鱼凉瓜」东桌子上会，~通通 「香咕噜肉」爱，喜咕噜肉喜样子。 「菏芹腊」因最「姜肚」清，最后在荐下择，常，还行。抵到肚难 [荷]环： 完每几，同主题，酒吧，还算…止拍照，因里面儿啊。   		收起评价   
 8点，人还特别，这边超级粤式，随可粤语，很亲切，ins打卡地  [薄]环： 在楼就餐，个露楼梯，很合拍照。基本栋楼食物可以点。全部个最地道。  [铃]： 座就哥哥送上单，很。 推荐品： 「」肉质腻，相间，很够。 「口蟹」秋天必不可🦀。香辣口🦀也太了吧，感5只，分足。重点，辣椒出来🦀甜，蟹肉又满足✌   		收起评价   
 开个月新晋网红文和，日终于如愿偿过来打卡。 [薄]环境：筑，老情店，我啉时种种，就好似发在天。 「蓉蟹」正值蟹季，有，着蓉，实在好味。「砂海鲜粥」好足料。其他菜碟，但甘好阿，试多，不怕浪费。用抖音猪油喔。不为三五己餐好地方。   		收起评价   
 终于到广网打卡，文！ 地：位于市中，古汇附近，可乘坐地铁3线石牌桥站车，交通非方便。 得说文度，便信公众都要500，整广都找到排队么多地方。 非幸运抢橙5折券，分非足，开开又拍多看照，满足   		收起评价   
 之前人太，害怕排，最近没人排就老铁吃。 「蓉蟹」蓉香，还有蟹膏香，就差碗或碗，拌炒鸡直能。 「香咕噜肉」萝，咕噜肉撞火直爱爱，很，再碗可。 果红，难怪食客这，出品错，值得再。零食店，忆。小时候就这种老房子，虽后，后个怀方提前拿排则等。   		收起评价   
 #最地字# [荷]环境：系在广近排新开，最！在位于汇场旁边超级文友，係60年代旧装修为题，裏係广为，大熟陈添记，阿婆牛杂，荔粉等，让去可次过嚐够广最传统最好！！！ 「蓉蟹」蓉係挺不错，采用最嘅大蟹製作，每隻蟹都爆晒膏味十分鲜甜好味，加製蓉味好极了！！！ 「冰」挺，来係冰，但係十分之脆，且肉係，豉油味好。   		收起评价   
 为文和是小龙我，今终于和来尝✧ෆ◞◟˃̶̤⌄˂̶̤⋆biubiu  [薄]境： 是十代怀旧风，很让大家喜品字，让人十分怀念。机记得过  🦞美： 点了几菜，冰皮鸡、鹅、咕噜肉、凉……别要推荐蒜蓉蟹哦，肉鱼皮是脆，就是味道点淡，臭豆腐不。其他菜都还🏻  体来说，下次上起   		收起评价   
 坐于#级文#州宜最热门之，70/80年古装布置，每吸多靓仔靓女黎，队常。但好好彩在大众上级文优惠，仲要唔队，提前可以直接。趁周年纪念黎下.. 我就80年，这装修充满着儿忆感，餐就阵吃饭四长。 呢套餐真得抵，虾、花、、蛋黄瓜、秋葵、腐埋烧烤玉牛油等，仲两杯充满住情怀。多野160零，大档价，于北古汇华商圈这大档，这价值得。 道，我是油焖虾，油香好足，但唔遗憾，无其他地吃虾。腐般，其他几样菜几好，体而言这套餐体验很好。   		收起评价   
 太能看到文啦 透玻墙直能再 人很 来时候记得 鱼吞面 好很 云吞很颗🦐质很好 面香港那细面 索面太爽 碗太分量少 如果碗好 15元份价格略 文老长文样哦 文各集 老长文招龙   		收起评价   
 打卡网红景📷 6经过门，超排队，9经过就已经唔使排队了，豫入去参  [荷]：将九十实咁原咗嚟，朋，连个厕🚻，觉得无样样，俾而d轻了解嘅生活，俾念嘅日，无坏嘅。 影，过里面暗，建唔影，地方很拍～ 化妆再同朋去装～  [服铃]服：广州传统食，想同明握🤝，过员佢11嚟，炖品皇，婆牛，钵仔，前……嘅等你嚟发   		收起评价   
 商业朋带着下市井热～ 门乍是灯红绿感，面倒挺，前是想长沙，后没想。 这集各色，想，叫超。 我：「臭豆腐」「超柠檬茶」「招」「锅」「蛋瓜」「腐乳通菜」「烧烤」  要是拍 进门入买手信，价格合。 遇到炒螺明！！！几朋很！我费送！！！超幸运！腾讯联合出期传，是家喻户。   		收起评价   
 出店，在太古汇，块玻璃色牌明显。橙V160套餐，提前约免却排队真不，坐调位，座位不太，周都旧建。 「蓉」不辣这，已头，头比，不，少，剥累。 「椒盐九鱼」，像旧时，足。 「咸蛋瓜」，咸蛋，腻。 「冰镇葵」蘸芥末酱，次要蘸，半不够。 「炒花甲」辣，无沙，，朋喜。 「和臭腐」对我说太辣，臭不，，要趁热。 「烤嫩」孜然，。 「玉串」，挺，「烤」单像口猪，和烤玉，腻立刻和。 「超级柠檬」才，普柠檬吧，。 外「吞」鲜超脆皮，，蘸酱比少。三近台「肥钵」、绿和水奶（4），地实那，人挺。 基都拍照，建真旧，比喜那些店铺，开时「御信饼」36，脆那，，软（猪）30，试太，「杏千层酥」，酥做薄脆。   		收起评价   
 广州新网～一广，当时一想说传说中螺，过这天他在～橙V丰富，体验小龙烤串豆腐同式，感觉体验一遍精～推招牌小龙啦～务错，太饱没么「蛋黄瓜」好提建话，柠檬水要跟，得太晚，辣全程在等～   		收起评价   
 州行酒店近 中午11还没排，索性就来打个 体氛围应该到个致 更像来有年感筑工 而后迂回到餐厅吃顿饭 来用餐人多至菜味道，没有太大印   		收起评价   
 和友 快，手，现了就有了，易荡失路，太大了 麻辣大吃😋 地5人的置，给们拼了桌，为点了多，桌子放不 唔错的聚点   		收起评价   
 🦀️终于来和友网卡啦！整楼都很特别，复古旧气，感觉应该穿着旗来饭！这了广很多，绝对满足你所口。  🦞龙虾和螃蟹招，如果辣，那就我样蓉口，无香喷喷！蓉蟹大闸蟹，虾蟹砂锅煲肉蟹，强烈。其他菜就喜么点么，踩雷正就对了。   		收起评价   
 照错老广息里。觉合打里。 般出 试了三双皮刘煎饺 双皮份量甜。。。难 刘20几蚊云底唔新味道 煎饺个味道 我没试小龙知道小龙么样。性吃茶餐厅个人觉   		收起评价   
 被博@厨种草级和， 来必须卡下！ 古，其和古桩！ 80-90年做旧风格， 🌟透明壳子筑里！你拍成为人家风！很创！🤓🤓🤓 🏡筑里面其常，用点()，二些色，对于初来，间又紧族，次卡网！ 尝了「皇后姜埋」，和原相无几！！姜辣恰当处！ 【TIPS】 1⃣️节假日下午3点左右来，人比，需！错峰！ 2⃣️中拍最佳，详见2-4！ 3⃣️铺清单见9-10！ 4⃣️附近古，炳胜等很逛，下顺序，免！然这么到惜！ 5⃣️就类，点模式类茶勾选模式，人头攒动，占座！ 6⃣️二家怀旧理和古董蛮，走路错！   		收起评价   
 超级网红打，VIP特权餐，性，用排，挺好！ [薄荷]环境：这话，流设计，100%原，，梦幻。而且干，桌子上铺了性白，舒，卫；卫厚，至家里好，好评！ []：员情，要给，好意，是己舒； 「招牌」味，新，； 其他菜来，，但差。 排话来！   		收起评价   
 卡红胜和友照呀实个出片方 装修一老广风格个房间匙💈店酒歌小卖部晾衣服真实住三层外女餐区域下午三点多到不多又不受下氛便坐下来点   		收起评价   
 打卡广州太古汇超文和友  [薄荷]环境：常有代感古装饰，每一落是回忆。  []：山海，拍照，饭在数，但依做，错。  「蓉蟹」蟹季节，了蓉蟹，，实在太好了。荐！ 「砂」这砂常正，料，特别美可口，常议大家试试。 「蓉虾」虾蟹是一家，了蟹过瘾，又了一虾，可知道正。 品，量，但价格又经实惠，特别喜欢，这可以几尝一尝。   		收起评价   
 前点半到，居可以排队，太人 跑到三，果是古气息，小时的觉，80代的装饰，80代的歌，吃辣以点蓉虾，果点都辣，很人，边虾，边聊天，觉很舒服，但是点，点酸hhh么壳，人吃，居点酸hh荐大辣   		收起评价   
 繁华闹市，人醉夜🌛 和友•集合街巷，一瞬间即可深入了解广粤化🔐 无无👧🏻成负重前行👩🏻自由自👵🏻  回正题……内三层，入座后单，食自购，其余想就👀膏蒜蓉蟹🦀，爆生肠，蛋黄瓜酥，鱼皮亚于总店鸳鸯奶🍵轻，分偏重，级柠檬🍋🉑️一试，清宜nice🤗   		收起评价   
 [薄]环境： 流最的汇后方，请意！4点半始程序！ 多拥挤，霸占道区作为，火！！全隐患排查！！ 【品】 不过不失，招牌龙还不的！ 【务】 一但积极，法照顾多客。   		收起评价   
 国期间文，排好千号，只晚来个夜宵，晚来直接落座，照人也没有 蓉小：香味特，如不话选择蓉，每只都肺特干净，拿蓉拌清面香 烤：烤预期好，嘴里也不腻，反而脆脆，特推 炒田：没个田都掉，方便唑来，千万要嘴唑来不要牙签 为夜宵，好，实在不   		收起评价   
 打卡是非，道是是套，子上来，有点是有。小虾般，秋葵蘸美味。烤袖，什么大档井。甲和九肚鱼是较般。 豆腐和蛋黄葫瓜整个套里面最   		收起评价   
 客比末少，末五六外，时候只需，里座比想象很，桌，速度。话预友，方情。以卡。体层楼，层通做镂连，条巷最卡，风格做，做年样，令意外上，本都真在运。题。 「蓉」点个蓉，蓉，欢，全理，理钳连，都膏，，理，美理下，比在对剪，样客很。评  「友」确实以前去友，，那后劲它们个点酱油别，像事达？？。  「镇」喜欢，剪两，从那夹都定。  「嫩牛肉」「牛油」「玉米串」烧，，统统，胸油那均，很硬，合适那硬。就少，我我指指，注意，方对比。  「甲」甲，度，个，，而。评。  「椒盐」个直外酥里嫩力表，虽然体那，但酥脆，而无骨，冷就很，趁。重点。  「黄瓜」黄瓜类物适合我，予评价。  「柠檬」柠檬，包朴素，略，略，力伙伴。   		收起评价   
 终于来到网红打卡，环特色，尽老广州情怀，里面店都老字，难怪么迎，每层楼都海。  「蒜蓉蟹」居5，来二，便，商家贴心喔，而点影响卖相，就想，大闸蟹蒜蓉汁，点，级美味，蟹挺，我和都到停下来！  「牌蟹」要煲，但4份，蟹新鲜，而份，蟹两，鲜甜，香，赞喔！  「炒花」辣，份，没到沙，美味！配白饭开胃喔。温馨提示用抖音入会员以送米饭喔 里居健力，厉害！   		收起评价   
 在石太古后， 高端后的城乡气， 然卖家， 也玩得声色， 意思的超。  「招」 个招， 接用一个， 粗陋且保， 制品高温食， 知会会产生毒？ 认也推款。  「臭腐」 常规出品，便亦。   		收起评价   
 抢张橙v160元人，日试。11钟，我1105分，口经排多人，也100多桌，厉。 品还矩吧，我不，忘让不，我从咽，里面，2个时，好几，菜凉没。后才，12才班，我早……。后逼着个。 「炒花甲」闻香味道，立马引我食欲。可，没有水又不朋慎。 「椒九」酥内软，好！ 「蓉」龙较，头大，但觉卖些，味道矩吧，没么。  [薄荷]境： 境80代装修格，确实挺有，相信多网发，我不发。   		收起评价   
 从城出发，算远吧，航20分，到那里需要打粤康码，量温，酒精消毒，只是打卡网红点，有东西，是以，也是很，随便以，是要正吧。喜以，门票随便～   		收起评价   
 [圆钉]地理位：天路75，古 []：古几乎每个城都，西安、洛唐，封宋，北京清，还些城古也看么，为是景观，赝品玩，咋看，还，但大多会乐意买单！ 和为么能吸引如多前打卡？个受首是，跟其古于，它所离们代很近，走进回时，州当地老字吃齐聚堂，很能跟大产生情交集，哇！是童年时光吗？斑驳水泥、狭窄昏暗💡、掉色碎、夹着黑白照璃相、格单，每个老物都勾起们童年记忆…… 馨提:女好要穿！   		收起评价   
 朋知超级文正个朋橙V惠券朋起去位华都市里面突出栋旧楼由位整体都是向特色靠楼里还东适拍方周末去所以人拍片 人餐品丰龙虾择油爆虾味鲜保龙虾原味瘾腐外脆里嫩辣炸肚味柠檬水解腻又咸蛋黄丝其但是在完   		收起评价   
 在广州CBD寸金尺土嘅方竟出现复古建，参照80年代老广嘅气息，将南嘅有、臭并合我哋老广本土食，出哩博物馆。相信好80、90都会拔。 VIP权抢160蚊2餐用，本都会点，于咗招，个明胶送，头都无，所剥起身比较容易，都融咗汁，都夠晒味，柠檬水，即时解。  [铃]： 店怡唔，边帮手剥边佢嘅意见，仲讲炒明般系晚10点半过。下我睇炒明，。   		收起评价   
 红友，新候队千号，火爆。栋六年旧装修，回候觉。照不，周午提机号去等钟。 号坐三，始家，姜撞奶，还不不，饺么。沿着指示，炒明炒，筒辉烤，。 个餐，虾，员还我们把虾剥，真好。虾只，味吧。 其他样西吧，九鱼根么鱼，只炸粉，蛋黄黄瓜油，臭腐，，炸透。 总体特别惊艳我，环看过好，食吧。个觉。   		收起评价   
 #网##夜必  听说容易，，每每n百，网胜实至归 作同胞挺骄傲岭市已经北，所以每晚始等位啦！鬼！  街谁知《》  tips：如果家搜🔍关公众每16:30上取排队！发前排预计差多到刚好位 晚19:00-21:00高峰（夜营至凌）  ，+门传统社，环境流又复古又，瞩目。 单看十砖，跟CBD高显反差视觉冲击，但幻市风，谁住多看眼。 ，比十街复刻眼前！充后儿回忆  空间虽没长沙但面咖啡吧应尽所特色—牛、饺、钵仔糕等全！能少皇臭豆🦞  讲到品集中以粤，季材特色品 蟹季蟹，以蟹砂、咕噜肉、粤 🦀️口蟹：🧄加上蟹鲜简直好 🦐🦀️砂：除喜欢汤，作四，推荐给 咕噜肉：肥粤表作 粤讲究火候气，稍微多，淡口查 结：，环境 面场景很多，1-3内处处惊喜，只过避高峰，带个伙伴吧   		收起评价   
 真福，朋提拿，不用队级了，真快乐  [荷]环：完全原了广80年貌，常能起童年回忆，独马瓷片，凤凰牌车  「蓉蟹」小龙得了，这次试下蓉蟹，好蟹季节就算公蟹也相肥，清甜，最后蓉汁拌正  「砂海」正宗砂好，放了蟹明煮甜，连两大碗  「豉鲮炒瓜」好喜欢这瓜，豉鲮炒入，瓜好爽口，伴流  [务铃]务：虽然座，没响到菜速，常赞！很意次体验   		收起评价   
 终于来啦，那，要提前排队哦！  「级柠檬茶」柠檬茶，喜欢？饱不，着路上  「蛋黄丝」被惊艳到，！不到腻。  「椒九鱼」真哦！如果了，，伙伴最喜欢道。  「炒花甲」道挺，尔两辣辣，。  「烧」玉米甜。牛老，嚼着。牛，了。  「文友臭豆腐」不入，不。  「蓉」龙比较，不入，剥了到泡啦  「秋葵」em芥末，不。真  ps：到号之进务员让们自己，其所蒙圈。   		收起评价   
 网打卡，在古汇旁，作日，，在网上就进，服务员说位就可坐下，所没等久。 特别复古，饭咔咔咔……拍，特别特，仿时，就，可能能「招牌」，奶茶错，奶味，「鸳鸯」，猪油拌饭特别时味，可尝试下，挺喜欢，就对于这量说量塞牙，哈哈…… 知啥……上慢个个才上，过也得。味   		收起评价   
 完避卡狂热潮，上进步圈，不用队等位，发现其实多桌子，种选择也多，年集，那食铺西我两眼泪汪汪，童年，我觉里面两酒吧真，门面虽小，洞天，大快探索啦！还参年样板，阁楼！噢～好玩！   		收起评价   
 经是和了，这橙V活动就抢了。约再  [荷]境：70后，80后回，90后联想，00后探索，10后就跟班吧  [铃]：也需多，就是途空调口直花甲子溅到睛。辣啊无言表，了2钟开。整睛是辣辣「和臭豆腐」「牌」虽然，季因肉质，是很入，「级柠檬」辣「椒盐九肚鱼」错，很香脆「咸蛋黄丝瓜」加入咸蛋黄丝瓜别「炒花甲」这般，而且辣睛「冰镇秋葵」加油站多「烧」串错，建议搭配啤酒   		收起评价   
 经历多次心斗争之，终卡新地—超文友 因为实多，火爆！  [薄荷]环境： 80年代，，楼，，怕窗卡点  [铃]： 头顶着哥哥们，会定地区，帮我剥蟹哦 「牌」牌不止，还，那种感，我喜欢 「碌」为东名菜，能中平，很入，汁能让食层！ 「豆豉鲮鱼炒」炒火，不苦，菜再杯啤酒就   		收起评价   
 [薄荷]境： 又想再，格贵，得饱，均还费高，网红新地还是错。湘粤各字结合起，满我大胃  [铃]： 及时清理桌上蟹壳，态热 「蟹」一定要，下，盘子像盘大个，里面蟹也有多，四个是，蟹多汁带辣，底还有魔芋，吸多蟹汁。 「豉鲮炒凉」罐头鲮那豉可以，苦有苦。 「虾蟹」料多到撑，是一分明，没那么，就喜这程，没有粉。 「香咕噜」萝酸搭配着咕噜焦糖，刺激蕾！咕噜hin   		收起评价   
 ~^ω^嚟传中级文打卡啦 之见识，但朋仔队傻，最忍唔住拉左几个F中午齐过观＋尝~工作日智之举咖，相多人↖(^ω^)↗ [薄荷]环境：睇个场真观，然将个商场打造七八十年代嘅，再播着些哥哥嘅music，哗~点怀念，1原仲早，次过试盅两，反正就基可试广州出名怀食 「蓉蟹」蟹当季，，多，蓉浓，食舐舐脷 「菠萝咕咾」饭 「招虾蟹粥」虾蟹，粥，喜粥错过 最翻支沙汽水就perfect晒…！   		收起评价   
 [薄]环境：文差，据斥巨资造，适拍照卡。晚上十一排队快就，。 菜差. 「牌」龙一样，辣辣。 「文臭」正宗臭。 「」特辣辣。 「油拌」最就油拌！强   		收起评价   
 红卡店啦，古的80年，农来的我是往城的，。位置是，体，土金的地方，弄的挺的。的东行，小龙虾不错，全是招牌之了，排真的超张，千桌。家早做好备了   		收起评价   
 二刷，带朋友。龙虾还是好。的地方新鲜很。但是不是么入味。的有晚。本的烊。烤串之的。梅汁喝10瓶。喝酒还。笑死。12主也。能叫外卖送！   		收起评价   
 约久期终于有间探店火爆圈⭕书🍠级啦。 建老，进驻都老道。 八珍煎🥟，北京路老，煎，听多老，有美味儿蛮幸福哦。 招牌蟹粥🦐🦀，道潮汕粥，里面蟹都新鲜，夜粥适爱养老哦。 沙油爆🦞，只都会打【】印，而且只都有手掌🤲，油爆法保留鲜。 皮🍗，皮真，不趴趴有嚼，搭配芥油，挺。   		收起评价   
 10月8，节日尾声不用队 房子点港风，面点，设计原因吧 菜品普通一，小吃多，很吸引 蛋瓜偏，包裹不均匀 豆腐吃调味料 小龙虾不，朋剥🦞心 服挺好，合去拍照📸   		收起评价   
 超级文和友有名，家没去过，到州🈶️先到州家拔草。  []环境：很动，和围代建筑和谐地融合，门口队第眼着有点吓，扫码队后发等候间快。或许为非末。  []：没受多，我随到喜欢小下，食物味，家小受不。  为在面，没名鼎鼎臭豆腐和小虾（准备去）州当地食物为（6），发食物没法论。  家自式耍喝吧，面地。   		收起评价   
 终间卡‼️超文和‼️ 呢度老广回！整栋筑分为三，个区域先楼广州人都好悉铺：珍❗️阿婆❗️荔银肠粉❗️福记❗️……上二楼三楼还另铺……感觉就将80、90代旧广州浓缩在，文和龙虾都其次，点可以📸……拾回   		收起评价   
 打文友✅  📍址:铁石牌桥D口航五分钟左右址难找  [荷]环：老式装修感满满波旧层虽然位但排队人更 点喔~   [务]务：虽然人但务度还错需帮助时在奶思  「蒜蓉蟹」这个季最适合就吃蟹啦~蒜蓉裹着又有啦🏻  「招牌虾蟹」砂锅里虾蟹分舀勺有料料也新鲜  「文友臭豆」臭q臭豆  「柠檬」快乐柠檬有味得试  补:喜欢照小就穿短者高跟了因为观光梯允许喔❌   		收起评价   
 「文」这回坐下了一，，不愧南虾担 给大醒下~ 因为文太火了，把机大门口，都会到大百人...其多人都只，不东，只照。  🍱🍱果，直找服务员拿座，不用排长，也 虾🦞，下还试试其口。「咸蛋黄」于本土东，果大也试试，我觉重一   		收起评价   
 跟着朋卡，级体验到了 没开的么人，龙虾味的，确实错。境古，过地太喜欢，化等陈旧，一饰看起来脏，吃的过程滴水，他地都错。。   		收起评价   
" 怀旧一个呀~  蓉蟹（正蟹季呢）腊炒荷（秋风起腊候）所以这一。  古汇文和友业候多人，都敢造，只能两眼，然少人，以错间卡，像8,9，，人多，用，知道拖儿带女一种磨，州降温，而，难受中哈哈。  完全冲旧情怀，顺便那么个算饭+宵夜餐，满，道都适，，其他，哦~   		收起评价   "
 [薄荷]境： 错，为当天火车早赶来竟然排上了，的喜 [务]务： 在hhhh基本需要，他蟹有点像吃了的⚠️ 推菜： 「超级柠檬茶」点点点 「冰镇秋葵」可以选择点错的菜   		收起评价   
 [薄荷]： 得说吧，是古的拍照背景，多多多，真的多 [务铃]务： 般般，多，忙不过，啥务 「虾」 真的较般，可能要点虾才 「螺明螺」 还，个别不鲜 「级柠檬水」 辣神器   		收起评价   
 周六过，提前天约7半店Vip卷，哇…流挤挤，约专接，👏，虽没抽王餐，Vip错…  —————～🦞🦐🦞🦐🦞🦐🦞🦐🦞～——————  [薄荷]境： 特风设计，吸，们，差感，拍盆圈值当👏👏🥰🥰  这次餐里，所式业间过次样，更长风。  1️⃣「文臭腐」🥢 长品差，分，刚，偏辣～ 2️⃣「超柠檬水」🍋 咪咪，效理腔异，必节奏。 3️⃣「招」🦞 辣接，质结，，强强过去，处理掉。 4️⃣「盐鱼」🐟 外层酥脆，里质嫩腐，，喜，怕火🔥。 5️⃣「黄瓜」🥚 爱黄我，几，行，喜更喜。 6️⃣「炒」 要微辣，怕，几，吐ok啊，… 7️⃣「冰葵」🧊 ，规矩，滑感，接！ 8️⃣「烧」🍢［玉］ 玉甜，串，，香，相。 9️⃣「添记鱼皮」 行，爽脆，值，份量。  🐷推荐：，阿杂（要卜甜），炖汤类行。  ，继续三次～   		收起评价   
 上来广州，关这店，，排队我望却。国庆古汇附，随，排上，拿四百，等十分钟提示，这什蜜操作  进去觉另外世界，赛朋克吧！！这复古风走得漓致，且任做旧，容易，里面装饰品、牌、海透露浓浓时代气。  子可菜，可去各楼，菜「椒肚」得非酥，椒入味，刺，口还。「牌蟹粥」非美，熬浓稠，蟹给分量。「咸蛋瓜」单高，咸蛋儿腻。鸳鸯「鸳鸯」「冷荔枝清」，外面口，儿咖觉，色。  完逛去，每驻拍，像电影。最回账单上句话“街才上心人间”，完美诠超级文友，充满气街巷。   		收起评价   
 「文和友腐」腐错是他好吃就没么大 「咸蛋黄瓜」这个还腻得错 「文和友蟹」蟹蟹黄很多还送蟹钳性价比很高 环境错 好多网红过来拍吃饭 也是醉啥人都有   		收起评价   
 大一优惠券，去之前面电话通，幸运时候姐姐给我给vip，耶点招牌龙虾，度点但接受，过注意秋葵酱面芥，要沾多然头。总体来说，吃，兴朋友去一哒！   		收起评价   
 点评找红标，去不用餐间所不要。看要长间能入场。进去后一三层建筑，每档品都不一样，感觉都特色。着一层一层，边特感觉。应该还原风。建家机会可一，品一特色   		收起评价   
 下午三到，那时比较少，接进逛。  ：噱头，怀旧路线，做旧让感干净，确，但目标群该外，老广来说，次就够了。  ：能多广小，挺有意思，但真的般，贪新可以，如真正的，大家他。  ：旁边有场，挺便的。  总结：二次。并这里好，没有引我再消费。   		收起评价   
 那天大雨，站有方站，幸亏哥哥帮我们方，还给张凳给我们，给服员哥哥赞。人，乱，部乱，给人体，最主要般，猪油，碗口，过，能我跟伙习惯，人粒米。总体么说，反，，本拍张照片，人乱弃，评给服员哥哥   		收起评价   
 想文的西吃一！ 菠萝啤，田，凉拌鱼皮……！ 还「牌」「椒盐九肚鱼」「冰镇秋葵」「文蟹头」！ 蟹头真的哦！里面蟹多！嗯，一定要！ 专门忙龙的，也着餐过来销售的当铺姐姐，热热闹闹的感觉。   		收起评价   
 椒鱼错，了两。 咸，惊艳，两边能裹咸。 虾和臭，就吧，好坏。 烧烤般，肉且油。 环还挺有色，是坐着地就没什么别。 适人，点了。 还是挺别验，得次卡。   		收起评价   
 最棒事有亲爱伙提前霸，实在贴心。  [薄荷]境： 面经过玻璃，霓色，代feel，排场，那年代息面而。跨过温瞬间融熙熙攘攘人群，开始今日游览。 「蒜蓉蟹」新鲜，蒜蓉酱特色，味道，记得多面拌它。 「菠咕噜肉」甜开胃，量好。 「招虾蟹粥」吃风暴之后，鲜蟹粥暖暖胃还很有，足。 各种美味吃味充着各巷落，各种代感物件引领我游记忆之海，唯遗憾有上会摄闺蜜吖，可以溜达天节奏。   		收起评价   
 终念念网店，次来广外惊喜，闺蜜来，而且神居好用排，面员哥哥长得真帅，很热情哦，人点六菜🤘🏻大闸蟹，在完，所以遗憾没有点龙虾🦞「嫩牛」但没关系，下次定会再来卡啦！   		收起评价   
 文真大本知自己在哪里 打卡漂亮小在照 「文豆腐」 比较，但没有脆 「招牌」 招牌用胶带，去头，足， 「超级柠檬」 柠檬喝，单纯柠檬 「咸黄丝瓜」 咸黄，咸黄会足 「烧」 油无敌，🐮 「花甲」 比较，还   		收起评价   
 偶机，。，远地，正其。说约着起。大众评排第， [环]环惊喜。栋民造美，面。下还眼缭。霓虹牌。种梯霓红放昏暗光，个姑娘站阳手。嘴还经词：大爷，儿。喜欢喜欢！ [服务]服务，虽别，但情。哥哥。喊，扰，喊笑。情过问什需。  【】，而且宜。作个地人地。还粤仅认知。人。所以些，东西。印象当中，粤随个。果以，。 推。红卡合。   		收起评价   
 [薄]环境： 我喜欢复 「和臭腐」 便长口 「八珍煎」 一煎道，特别 「超级柠檬茶」 喝，喝打电 「招虾」 普偏上，够辣 「太阳公公钵糕」 巧克流道很  整体，排队，广州要体一次！   		收起评价   
 腻害了亲，果女儿出来浪还没机来处处怀旧好方，网打。 里每层环住仔细。各处细节已消逝童年。 集了老广网店又失，特以为奇炒苦瓜，自己试过没做过惹，没有苦涩草，且下火，很合搭吃口。   		收起评价   
 [薄荷]环： 里说是复原来60.70代，说，说逼。作一个道道西关小姐，我觉在里找我童。只过想忆前古。 「蒜蓉蟹」刚从北京来，咳嗽，吃辣，我选择蒜蓉蟹，蟹是拳大小，也是比。个议桌牙签样会比。 「菠萝啤」搭前童时代啤，心味！   		收起评价   
 【次】  去成长超级文和友，广州超级文和友。因为周末，为开流高峰，中午这，。  这里很适拍照，路，通道各拍，很错。有好广州本地小，听说。几家嗯，味道确可以。  点超级文和友招虾，有点，本，劲。点，半个小时，十分钟点比早。  ，三个，说去，下文。起去，决！提速。  关键呢！买套，漏，催，5米，，这有。要，帮忙。超级无语，各位佬，欺个吃饭麽？  ，有心崩溃，味道，尝味。   		收起评价   
 着在附近的理势，在工的凌晨和爸爸一去踩踩点，但觉得多了没点 级柠檬水🍋很多力推，大晚上要等十钟，可能期待值，较失 薄壳—味还错，过 咸蛋黄—这个常我味   		收起评价   
 购买160，提前预即可 [荷]环境：还么 []：时候看到人  「文和臭豆」一块，尝过趣 「牌」或者可能较接近40必40 「级柠檬水」适合里，解腻 「花」知道，分前 蓉么多，还闭，点 饭管都该一视同 为你们卖！！！ 「咸蛋黄丝」喜欢朋喜欢 「冰秋」尝试一，味可以，爱 「肉」后来才上，都战斗完 胃，点而，浪费 「油」觉得硬 「玉米串」 「椒盐九肚」一看单？？？ 居然30升到48，理由在？？？   		收起评价   
 「级友(太古汇)」 橙V，想着来，打预电话居然可提置，大赞， [铃]： 预哥 [薄荷]环境： 面其实样广筒辉烧，八珍煎饺，宁刘记各，，可，或者纯拍照需，接可 友菜单食，但你坐友也可把其咯。。。 其实格还广还样，，70.80骑。各地方人拍照  正式说下友，之大概能到，然，环境 「友豆腐」友豆腐-人得太辣，辣得点 「蒜蓉」蒜蓉-大赞，哥耐性，吧味道 「嫩」-油，嫩较 「炒甲」炒甲-还行， 「肚」肚-较油 总真味道非常，正价绝对划算，而么人话，值得。   		收起评价   
 如果的可以微信公取排，的服务员下健码进入。 相比长沙的超级文友小很，基本上是种怀旧风，底楼的婆牛杂般般，如卡北路步行街的牛杂店。 感总的点于的是窗，晚上远距离拍的很有feel   		收起评价   
 新晋红打。 结合。 由于看了多人评价说上位久， 于是了个工日午过来。 墙，铁，各种牛皮藓告，下子就回到了。 没位，了后坐在折上，真别感觉。 二拿才。喜这风筒烧烤，珍饺，阿婆牛，臭腐。 这次只两个人，没龙虾，可。咸蛋臭腐，真好。 这然怀，是不乌烟瘴气，环卫干净，服务好， 还再多来几次。荐。   		收起评价   
 级友了之前听排队级多趁着而少去打  整体逼仄感长沙那么大针对做了多细节特也些老号驻单也是主吃湖南特吃是是错～下来  「友臭豆」吃😋是  「蛋黄」炒鸡推！！55555这个吃哭了蛋黄裹得级吃吃！  「友虾尾」盆虾尾也那么错  「烤鸡中翅肉」孜香，吃😋   		收起评价   
 州超级和友！好多漂拍照复古值得拥  [薄荷]置与环：古附、地铁：石牌桥达栋显眼三，特色 菜品：先喝金典士开开胃然后蟹～、蒜蓉味。其他菜品不，后还喝蟹粥腻，满足。   		收起评价   
 于来👆🏻市井烟！基本是用拿号队，。好来，各拐弯看拍照📸，共三层！充满复古代感，吃，牌，有辣，头是，是用环保装接上桌，炒规，本喜紫苏放些。豆腐，烧烤等般般，过来观望是错！   		收起评价   
 无论长沙还圳，都大食打卡点，庭若市况司空见惯。 业到凌3点，喜欢夜朋可过来。  [薄]环境： 佛光流，里集老字号，银记肠，八珍，盲公等等，修上个世纪80格，流，些感觉触动人心，即使不吃饭，过来打卡照可，所因置身天河圈，天人，除餐，里算晋红打卡点。  [服务铃]服务： 除著名龙虾类，里道食，拉肠，椰，仔饼，螺，红汤，选择，丰俭人。 里还到仔姨点心，点点滴滴都回，虽道已经差，但份，可。   		收起评价   
 抢橙v，提约不用等，还工作员专门带我安排坐，感觉务好，实，小龙虾不，估计是照广州吃水平，道不错，唯我点是，务员动垃圾时候把带汤汁溅到我布双肩了，用忙擦了（其实完全用）连句对不都不？？🤷‍♀️   		收起评价   
 录过很多次，每次外面都超级多人排，没过。最近看到众评上面会员排动，预，预当天到被服员到顶层区，家都加动，菜也多样。得说性价很高，，且环境。价格很，下较划算，如要单，性价低。说，小吃味道装修较特。如友会带过，平时没必要。   		收起评价   
 [薄荷]境： 作扛文友，高楼林立楼下藏怀旧建筑。 楼楼州土堂，风格上世十年代模样，在三楼。 「牌」塑料上，较入，麻辣中带丝甜。 「」「文友豆」豆很般，外面常见道。   		收起评价   
 [薄荷]环境： 一个卡点人期，以想起。。天来到超级友，装修格是以前广州格，似十二客，好是国各大杂烩。。没服，品就简直是垃，也   		收起评价   
 真的吃!!! 价300的套餐单160真的挺算 且2人吃不完 最主感受气氛 哥说会深圳开一 「级柠檬」很 「」「文和友臭」臭臭一些（能较重口味） 5网上号8左右，不vip提约行   		收起评价   
 今家风很大文和 先在公众排队，始。 「招牌」味道行，特别辣，，线个头行，头了。特别。 「文和臭」和平多，正宗，上黄灯笼椒。 「猪」公众费送兑换券，尝了，，糯糯，很喜欢 体，假排队，。拍照也看   		收起评价   
 沙，念念不忘 看到州开特意赶来 果对沙失望 州方很 原70-80老州风 起沙那么味道 老字号吃没几 龙虾跟**略干硬  整待提   		收起评价   
 经，看外面大堆，有，去，发原外面等位，在里拍照而，所想什时去什时去。 太汇，家简单，个集很多很正宗，谓大融，丰有。，口味适，但多，会饿。 另外，环境，作为个，给120，很，看起很多回忆。所个得对做张名片。   		收起评价   
 一时去广州玩，太古汇附。第一天出去觅，喜发现文，生意实不，从午开始排号，员说晚一二点得千号等位。特，臭豆腐、柠檬都不错，可惜第二次晚去时🦐估清，机会再去沙卡   		收起评价   
 四点的排直接入，外面拍确实，里面太真实。就点的，很是煮的虽然入味但是本已经了，为不是老广州对些记忆，臭豆腐很，总：拍照的方饭   		收起评价   
 ，一栋楼都输，运，国庆没排就上，在州长沙友，一楼东名，超，在拍，确好出片，就上菜太慢，能人太，味道好吧，无功无。不错。   		收起评价   
 ‖北京之遍小书 #北京步街  ✨友老臭 :⭐⭐⭐  臭从外候可以见炸，超大黑，人臭，既然来，那当然要咯~臭，￼要少放哦~  💰RMB:10元  ✨友老大香肠  :⭐⭐⭐  见想，，~香肠外，外伸，议候在近吧，容易火，咬在里脂肪，喜欢！！总体错哦~  💰RMB:12元  ✨椰里  :⭐⭐  椰里果，人果椰淡，那当然家店椰壳，椰，，果起哦~候臭起，解哦~果臭绝。  人议椰人哦~  💰RMB:26元  ✨ :⭐  东西人最难￼，樱花￼，其他再没，，如~其他，心议，那当然想！  💰RMB:议  ✨ :⭐⭐⭐⭐⭐⭐  家强烈！！！￼来北京要错，5，太阳5元，中间蛋，边甜适中，绝，爱蛋要错哦~里搭怪，怪搭，让你瞬间！关注众号活，第次候活~   		收起评价   
 一人，食先，这在天河市中心打卡店，要友一下。 「蓉蟹」因人不太喜欢吃，们点了蓉蟹，这蟹和蓉结合，吃来有一。  [荷]环境： 这环境60－70年代，感觉回到童年！   		收起评价   
 [薄荷]环境： 沙和友很像加入很多广元80港风照打卡 菜： 招牌虾就不用必点在沙一 来广特色阿杂肉肠炒……多多好键感 饮推荐杨汁和柠檬水都制   		收起评价   
 [务]务： ！！！！体极！！ 啥说 务态极 5个要挤4小方 是5就坐了圆 对待？？ 让给个菜单 就直呢？ 都被了吗？ 从当初千到现说吃就吃得 自己是怎凉烦思下谢谢！   		收起评价   
 VIP160的套餐确实不用排哒！ 到话是一穿背心的作员把领位让闷先坐会作员来是十分钟都没理自己 到渴告知柠檬茶四十分钟赶紧点两瓶王另一作员忙点完来送喝的不！ 所以务功补菜都算OK身不喜欢葵和臭豆腐之其都基完也能 推一次逛一次   		收起评价   
 1019日直抢优惠券。今晚半到六10中间，根本有兑换处。当咨询柠檬店就随便，以为负，去看吴系，美团卖餐，域，停车，厕。就。来柠檬水，他变。那你*什么思。？！ 之后号处，去，通，无线半也。。出来坐柠檬水门，。打微券，辗都清楚，十钟有比较好来，，。那兑换处。程至少40钟，耐尽。马路之后，比较好打来，兑换那现。已经走   		收起评价   
 于来打了 现代极高大厦，80年代旧烈觉冲突，难被震撼到 套餐丰富划，凉小龙臭豆腐烤串花甲，小瓜蛋也吃，推荐 店地址：州市河区河东路75号 交指：3号牌站BRT口步430m 业时：17：00-02：00   		收起评价   
 [薄荷]环境： 九年代州相比沙海信文小一但赞怀旧感足原度 「杂」「超柠檬」阿婆杂公丸之都过里不口纯正柠檬有甜啦一般般 大弗人到文能在州么繁华地方开个么大店人气爆棚有自！拍照好！推荐！   		收起评价   
 石铁站B看交太汇马直，就在太汇后，很易找。品：咸蛋黄小瓜、椒九点跟孖士似菜式。招辣足够，而且每没头，易剥。炒花甲蒜蓉辣结合，两沙。服：坐在三楼每张箩手袋，边还垃圾桶将碟垃圾自入，巾手套供，特别赞黄怡帮手剥仲不询问菜品满意度，今今日哩种服得。   		收起评价   
 今📍州超级卡，仿时，州忆。  📮时：11:00-03:00  💴消费：95RMB/  📮详细址：73号（太古）  🚗交通攻略：铁🚇号牌桥BRT行380米⚠️需要测量健康 州超级坐在端太古。超级周围环境点异太，😹。  [环境]游进参，进确了，墙标，至物，茶杯，环境装修貌😅。  【局】整栋层，为冷气二室冷气。里二，具性，听说货真价，团游说主里。里瓦，，陈设局能者用心  【史】早太古办公室，中国银行各饮，被改“州忆”，进真香城寨感觉。。  【饮简介】多州本道😄，明、阿婆牛杂、斗烧鹅、在，价钱也贵，几乎样。 也了虾🦞臭豆😿，5下469，100，道算特好，，得起😉。各州经典，完够，可在里逛逛😃。  ，里（so豪型师刀，价so豪便宜）💈、纹、鸡、、牌坊、梯，度99%说州忆主题乐园也夸张😺。  特佩中那景🥇，防网、盆、灯各真，照卡能。📸  总说，很久，食物性价，于想赏超越外景，值得究竟。   		收起评价   
 筑外实棒！简直笔！别文友超就此吧！个magicbox!  [薄]：别长文友（虽然去过）非常港风，转角设微妙。可看大喔！  [铃]：员穿复古，人热情。这get下确排用方式喔：首门口牌子上扫码排桌位，然后可进，号再来，们告诉哪个域哪桌。大部分，可选择送，得自，不排独，可。 「记脆乳鸽」！！ 「荔银牌粉」这个感般，早得。 「超柠檬」！ 「杂」！偏甜！但不，豆泡… 「」…但不错 「凉瓜肉」凉瓜瓜…不错哦！ 「丝」我终这个了…钉… 「文友臭豆腐」超！ 「椒盐肚」就人水，不错 「蛋瓜」！！ 菜量！个人议少菜，~   		收起评价   
 慕名而来。3的建筑，原了“广州回”。里面旧街，老式发、杂货、身。 吃方面数是广州地先吃，阿婆牛杂、炒田螺、冠军奶。文著名的小龙，各种口味应尽。 Tips：想排队的以选择市，想的傍晚美。   		收起评价   
 务特别好，咨询话打通，小哥哥回话说，送两碗猪，，很大很子，排队时间以小导从逛一，味很不，分量很足双人餐应该够3人吃，每个好吃！有雷～期待次再去！   		收起评价   
 中午2点来， 们会来好 于好，太辣适 而一，通通就装特 和长沙差多  一字号店铺本都 ，没必要来这边 打仪方去一就   		收起评价   
 广州游美食指南 用各个区处跑，这里本土成者，价格翻倍，量又少，依挡住游队。 「陈添鱼皮」算过鱼皮中比较推荐，爽，会动。 「八珍煎饺」以前路过样，依正！ 「湾后」略坑，比还香芋炒，13块，要死，如去喝杯coco香芋。 「新烧鹅」嫩，酱而郁。 「臭豆腐」莫其妙要等10，为了让转圈再回来。辣！ 「砵仔」好！   		收起评价   
 宵夜到 饮迪尼 9半已唔等乜滞 夜啲就随便影 刘倩影才正 橙v当然令成更优惠 「椒盐九肚」觉得个盘了 「牛杂」也ok就筋大 「腐」唔食腐两个fd话般偏辣 「蓉虾」「豉汁鱿须」得去 「咸蛋黄小」咗咸蛋会好腥 「烧」般般唔孜然粉 柠檬水竟然系耐嘅菜   		收起评价   
 性比级低，排队久就用，牌硬满意👎 式能凭口赢得头？都拍打卡。 以为么久码两刷子，果望，根。  「级柠檬」 柠檬错啦，就正品咯，没毛病。  「盐九肚鱼」 ，。，鱼嫩。美中盐够劲，再多盐会  「豆」👎👎👎 们全都口就二口，，除没其他没汤汁，豆没戳洞，寡。  「」👎👎 店员力推，先没，调跟豆！寡！做法正，再。  「牌蟹」👎 潮汕师傅煮，普，没。就蟹跟锅里。   		收起评价   
 [薄]境： 风格调做，感突兀，在广做风，么大而总体都错，算例子 [务铃]务： ，人，看旺时人非，先扫码排队，等微信通了后拿小票指定区域餐 品： 东西非，并一两能尝，品还，并境，几，坑有 「榴钵仔糕」喜，都 「鸳鸯王茶」一般，既茶，过感精和茶精 「手撕包菜」个做，辣把握 「煲」错，道，用，一试   		收起评价   
 🚩「友(汇)」 榻「广州华方」隔🏨 經過時先裝引到滿狀態覺應該還錯喔同時，姐妹大眾，來新開網紅 們抵達時間將近凌12點，火速checkin樓立馬衝樓準備怒波😤  ⚠️訪時點略： 觀察他、參點評，請務員介紹再綜合己喜好來點，這樣比較易踩然後便宜到貴點，來些～  🍋「柠檬水」 說，好  🥥「信行丰椰炖竹丝」 燉湯需額外中選購，第來常接點招牌準沒錯吧觀眾！注意囉！ 第覺還行，後兩完全行…來膩舒天然，椰燉雞湯應該椰滋嗎  🌹「花汤」 這個姐妹點養顏花膠雞湯，沒想到個型車現場，‼️  🖤「臭」 跟長沙臭完全樣喔！廣東，香難可湊合著拍照  🥒「黄」 以為黃，結果喔！目測…綠色葫蘆，anyway類喜歡😘這材搭配沒實蠻可惜，少鹹黃鍋那香氣，醬汁沒乾，體來膩。  🐚「」 員推薦，還溫馨示們這點常過癮！嗯⋯⋯強猛覺嘴，乾淨還來，屢試後盤棄送給  🌊「壳」 殼廣東沿海常見，之前深圳過幾家好，這嗯哼～  🦀️「友蟹头」 務員送來時，還盆紅六親認，問之才蟹腳🤔務員說這買蟹頭贈送給們，天吶‼️還這種操😅  🤟🏼「手撕」 銅板十元家常，嗯，大裡好  🐷「花」🐂「牛」「牛」 每樣18點，還好點種，為務員貼心幫們，盤謎，每迷你絕，還喜歡大多點  以，💣  🎪廳裝引，中趣，營造場與之間互動，市井氣來從0-100歲隨便互相融入。  🎖務員更加襯托個場內氛圍，體偏年輕趨勢發展，個高顏值精神伙，熱風趣效率，網紅員樣臭跩～  🐽飽睡覺去～～～   		收起评价   
 哇服務真係比上次可能為沒那麼還是為這次是vip身分來 提前預約個說明給他打電話幫忙取號 確實時候帶們上電直上二樓 後個著個都幫忙就是個為們能辣為選是蓉味就後面直們說這個辣（x vip權真算160這麼東西！ 檸檬喝聽說就賣 後花甲如既往鹹 這次單像沒前可能據氣些沒 最是九魚！又又 蓉蝦感覺花甲個醬鹹點 後還是喜歡葵 哦來烤黃油這麼get！ 中午來真啊～   		收起评价   
 朋友圈总刷“级友”，奇她魅，去凑凑闹 :🚇3号线石桥站D，行导航百，大要3分钟路  [薄荷]环：藏匿广新标新晋网红卡 透明玻房内烁着炫彩霓虹，潢及摆设都还旧广，完美诠释着什么叫复古现结。除友，进驻近年来广。  [服]服：及时应，动情  「蓉蟹」强！！！蟹，配蓉，太美了  「砂锅鲜粥」足，碗，潮汕表示无剔  「炒薄壳」🉑心心久乡，这里然尝  「臭豆腐」个，香脆爆  「级柠檬」别，贯柠檬都同  「腐乳炒」「香菠咕噜」「豆豉鲮鱼炒」碟份份，有点里感觉，亲切  总来还！管环、、服，除了排队久点，但能理解   		收起评价   
 前天家超级和，果真州新晋网红地，聚门口拍照网红不少。环境真“旧”啊，瞬间越80年代。速也挺快，盆也让我惊呆，搪瓷盆，缺口，也做那么足？  「蒜蓉蟹」，，好滴酱都不。「臭豆」臭豆改良过不会辣爆炸，想。宵实太饱，传说中八珍煎饺，炖都没，次安排。   		收起评价   
 打怀招吸了地来打卡，大家不要，这很多不菜，州本地小很多，不仅菜单上商铺边逛边～做个fu南，招小龙虾和虾尾口味如既往正宗，中午相对少，扫码队。   		收起评价   
" [薄荷]环境：开业久，终于打啦，地前听说，以就里，结果现原，栋毫相，问咨询，改给们指了反，真黑心🖤 至于里环境，就适合啦📷，过天一网红靓，了久走，旁边多人等，她意思，真恶心🤢 「豆腐」辣了 「超级柠檬」以,会甜 「」性价比， 「椒九肚鱼」以，,过里鱼骨，时要意⚠️ 「咸黄丝瓜」一  []： 里忙了，态   		收起评价   "
 南喻晓文全没有 很多人都推荐要文体验下，70.80代足画。勾童，餐内回荡怀金曲大共鸣。之90.00后轻人群更多是种新有玩。而70.80体会满满   		收起评价   
 国庆期，级多，爆满，太推荐节假日，体验感，装修复古，有以味道。有各吃，肠、炸云、双奶什么，没有都没有，太多了，，有置坐着吃东西，但像，级多，只进参观需，以直接进。   		收起评价   
 终于打卡超文和，大众爸爸提供VIP优惠，客户用排，堪比中奖 「臭豆腐」心心念念，炸出，，度 「牌」个真太广人伤，小，过挺得 「椒盐九鱼」，啖啖肉，在，油腻，肉，清淡，小， 「咸蛋黄小瓜」，咸蛋黄 「冰镇秋葵」冰冰凉，解 「炒」，个头少， 「超柠檬茶」，喝，再 「陈皮烧鹅」太肥，雷 几款小都挺惊艳，原以单会，其就正常格，环复古，怀念。挺适合聊，会特别 用排话以无限再   		收起评价   
 终于打卡广量文和！ 前文多 现手，家几开段时，这样久。我3差50别，去到有。 环境新，还是多。 意着，也是位。 品本雷点，是虾是荐，因为感觉有入味，前提到童姐。 花甲也，。 柠檬水，众多重口味尤其重要。 烧烤，是每量有点珍。姐多，荐。 对哦，霸餐，还将自己喜品成同价品，！ 荐前去体，完还逛逛照哦📷   		收起评价   
 这第啦。周末人多，听已少人啦橙V，说完电话，际都通，这100来，个多时。发什如以快。 知什呢以，整栋都以，在只文跟臭腐。每个铺自己，坐就只买西。感觉，品尝全部西感觉。 吧，说回。因式已定，但葵，选价式。说式算，但龙虾错，想说人出名就龙虾呀，。过3个人饱。最想试下猪油拌饭，直接赠送，！臭腐觉长沙味…… 下，竟男朋见过世   		收起评价   
 夜念一下和夜 [薄]境：今开红店里装全都是80-90代格而成，有3层，热闹，可打复古大片～ 钦「蒜蓉蟹」！佳菜品。一盆有六大只，份量很热吃，油都想拌面了。「碌鹅」不质嫩，满～看着照片又了   		收起评价   
 终于等凉爽，，过卡级文啦！两月橙v特权抢￥160套。磨磨蹭蹭过两月，午过验在广级网红级文。  🥘道： 套「蓉」「椒肚」「蛋小瓜」「臭腐」「嫩牛肉」「牛油」「葵」两杯饮料。 套非值，毕竟众论都菜品比性比比低。套￥160东西啦。  口方总还，蓉🦐，蓉汁稠，生粉落。  蛋小瓜啦，前米市路，过去。  肚外吃而且份其他饭相比比。  [荷]： 级文不用，！种十年广修特色年。  修风格见仁见智啦，老样不，此举。还次及样消防成题，警难逃生。 ： 里，虽然节，。间小插曲，包，给带，再，她给非非，勉强，回汤汁漏  另外，姐姐过小龙头箍给儿，马。哈哈哈现！   		收起评价   
 想排队话就逛逛照买点小吃周日算很多小吃道可以整体就挺适打沙湾牛那档芋炒「芋炒」几「红韭菜」红挺过就比淡「信丰只椰子炖竹」   		收起评价   
 古，怀，这级友承载多80后90后们童，也难从业至短短两每天都爆棚！出品也没，排！  「招虾蟹粥」 拍撑肚负任“棒”！蟹虾煮得常，轻轻剥壳就到，海鲜粥绵鲜美入味，喜欢伙推荐加，感会更！  「咕噜」 炒系列不贵，萝切入酸甜，咕噜出再炸完全不腻，洋辣辅佐味，搭配得！  「健」 童健，手备青春，感受橙子味汽腔游感觉，我们就这条gai最靓仔！   		收起评价   
 [薄荷]环境：坐广繁地段优势，有流量！与旁现业繁建形成好反差，想必爆个因，如放老城，会觉有什么鲜感，现建差，年地重我旧感相当网 「臭豆」因为排，提早点臭豆，格算，道其实般 「珍煎饺」集合全广精品，道，孩喜欢 「陈添皮」冲个，皮爽脆，次，个格有点，有机会应到店 「薄」薄，到大，离开金换冲蕾！，出道，有破！ 本到！有跟想，总体道错，愧于个地段优势！   		收起评价   
 哟呵呵终于有会打文和友咯！ 和友驱过，逃避伍时间，10，不，直可有位下！ 可在口买现成更快，因下在会不样！会么快！所建议家先狂圈先！   		收起评价   
 红广州网红，不去一次，不住近广州。  [薄荷]环境： 太古汇出直走马可看到这栋志建筑——超和友，不愧宵夜战，排队面壮观，愿意等位，✓那，珍惜吧。 「蒜蓉蟹」这蟹份，尽兴，不硬，度热到冷🥶，最好热，不然面有点油腻了。 「钵仔」好😋，小份了些，胃王。   		收起评价   
 级文友原体餐饮，理自己长沙带，原当摊融在文友…看新闻尝2000，花间决定定入驻，讶！味么，真差距  [薄]环： 主复，风，客户群体80-90，基本上轻女，修记破味，条衬，开瓶，条在到1.5包，味，西瓜糖候堂上须零！童，风格气，怀，也吸到轻人卡，商业模 [铃]： 楼上楼，基本上员可满足要求，要什么给什么，心候会给上兜那塑袋，强板可给员做个收款那模，客户得可收费，似久员可独收费！文友员非常苦，棒心 「臭腐」，，块太硬 「级柠檬茶」定要，2个人3，鲜，会慢，腻 「牌」荐4，武汉肥肥庄，但体错 「螺螺」沙，味嘛，般般 「杂」萝卜包，可 「烤」掌可，那烤味 个店只，第会，等600桌，但到40分钟上，叫号快！之拉   		收起评价   
 传说中这每天几，，真有人了，和朋友两人停依然还再还好，会太久，确实有80年代复古特，如果有过九十年代人来说，确实兴奋。而且广州美食特有选。   		收起评价   
 在国里成功卡！！！ 时间：10月10日中11:20 有进文和刚进懵 到底都啥难只有小店 为什么？直到二楼 「鸳鸯王奶」先来杯鸳鸯王真 喝鸳鸯喝丝袜奶不过~店家🏆感觉样 「臭豆」过~在广臭豆感觉也好！想试试不样美味 「文和」懒来个！量真足~个小胃绝对够！够味！ 「螺明螺」普通螺蛳 「御手鸡」后走鸡带回海~我鸡呐！ 「健力宝」「猪拌饭」真有太好~ 感觉想在里待天天胖也   		收起评价   
 开后站，跟行略来到这。边上就古汇，文和友筑风和边大厦截不，入镜很。  面很吃，很店。逛圈虾吃个。虾挺辣，价不低。很吃吃，大家可尝试下。   		收起评价   
 次文友只闲逛圈，现场人要五百号候真实吓。过几天就橙v套，那自能过尝机会。中午1150，要位，直接就座。  [薄荷]：古，节也，让起72家房客。整体就氛。  [服铃]服：吐槽，口处拿号位置服显，饭就知道问，走么流程。  「柠檬」柠檬40左右，饱才，从现摘现。饮，怎么小龙虾呢？ 「牌虾」虾味道，算，肉挺实。 「」，牛油牛肉腻，也。 「咸蛋小瓜」「甲」「盐九肚鱼」三热，甲，。味道挺，能掉。 「腐」腐，。腐，味也怎么。  就小龙虾，腐，他太。能湖人确实擅。挺，除现柠檬。   		收起评价   
 橙V不用等位可以作员位置坐，服务一，Vip感。套餐里了好，「蒜蓉虾」「椒盐九肚」「超级柠檬茶」「咸蛋」「嫩牛肉」「文和友臭豆腐」碟头不，但种，得，足！很在拍照，但不会影响用餐。   		收起评价   
 🌃9，去电台吃完，经超，见算很，进去面逛逛。  只了杂，觉还可以，失，但，，好一位接地气，然我边吃杂边听广州旧故。  ：觉把我90小时候村搬去CBD，CBD大排档觉。，广州繁地，每天车马龙来往，，可以约三知己来宵，慢，这种差，但毕网红卡味太了，其实也很难走心。   		收起评价   
" 条点评必须丽call，别丽，竟，竟，竟帮，到嘴边，🐎哇，动💓💓;  []境： 橙v，提早跟预置，8090复古素，多，3友，空，1,2广州，么炖品，，皮，仔饼；  [服务铃]服务： 除call,必须继续丽摇旗呐喊看到，竟把整龙🦞，后一龙🦞发箍,爱爱； 「蒜蓉」敢，建议选，头大，得干净，蒜蓉，加丽投喂，能再； 「臭豆」首先抗拒，跟颜值，到快，么神仙臭豆哇，； 「黄」黄多，得刚，； 「超级柠檬水」也喝，酸，汁感哇； 「冰葵」容器喜庆，用冰🧊放，失； 「烤」🌽粒，肉，🧈稍微点； 「花甲」用，香，再加微微感，实棒； 「椒盐九肚」外脆嫩，😋； ：今天身适，到照片，，再，丽记得安   		收起评价   "
 前听闻这，排千。前于广开沉验复古馆。  于来验，为取，其好，拥挤，序～山。  而且即使能逛逛，广知美食驻，些肚子。好吃，然等置～划重点逛‼️次能尝遍广知美食  三话纯粹，对来开阔亮～三好。  吃外，里各种十代期铺，如真注彩注、命水铺，怀旧发，～  吃➡️菜单落座再给，龙虾、口味蟹价百外，其便，10-30，味，份对价1️⃣0️⃣0️⃣吃觉成问题‼️  ➡️原为这么计啥，其错，龙虾能帮忙剥壳，桌垃会来理，帮忙扎头发姐姐👏👏日援动 正来前觉啥别，来觉真香。吃当成个览点来错   		收起评价   
 于打红地标 先，肯要感谢众点橙V的机会！！！  [服铃]服： 提前一打电话预约🤳，到达现场马上有专人安带位，瞬间得“”手，下有！ []境： 最限的原7080年代的，一楼进不少传统，家同一个地方享受各各的味   		收起评价   
 家人🎂[旺][旺] （妖都）网红厅🍴-超级文和友 倒十年，感受旧 什么重，因为！！也！能！！到！ 味，也，闹！[旺]  烧烤，八饺，翁，阿婆牛杂，炒螺明，正！   		收起评价   
 打卡超级文啦，来朋荐，地美食入，为货肯定错啦。 建做常逼真，几步就看同，种美食感觉。 点菜时候服说蒜蓉蟹新产，趁蟹还造，果断点。闸蟹平时清蒸，种做法别番风味。蟹新鲜分量足，只蟹蟹，蟹肉紧实。 豉鲮鱼，地常菜，在外餐馆已经见咯。豉鲮鱼出来风味十足，脆，会苦。   		收起评价   
 [荷]环境：复怀筑修，90仿回到童年时代街。 [服务铃]服务：提前做功课取号，天是峰期排很久所以选择宵用排。 人常多，很多人吃完在拍照。 「柠檬」这个柠檬常推荐，未柠檬味重好喝又清。 「烧烤」烧烤规矩吃但感觉没屋好吃   		收起评价   
 个饭拍照打卡的方，碟通心菜才十块钱，，量很足，豆腐脆的，但知为什感没长的。凉瓜肉量很，才30块钱。个人比较喜那个凉拌鸡，的，还来。   		收起评价   
 13文和友，在长沙，道真，量大就显价位有偏高，州也，管理有混乱，可能太。挺快，总乱哄哄，在里拍打，我赏来这种风格。「蛋瓜」第蛋西葫芦，好。「沙皇后」真爆，个服务员推来，应我最。「级螃蟹」螃蟹大，支螃蟹两份，也只有文和友「花甲」道，没有别。「香辣」盘子大，。如果来，还算，可以拍打。131550，均还行吧。   		收起评价   
 之前本不知超和友是什么地方！友进看看，进真惊讶！ 非，小时候忆！零食唱还物瞬间到那个年代！修是让超！ 因为吃好饭所以在这里吃饭！不过排队很久！   		收起评价   
 从过老远跑 当带广网红卡 （其实是自己求带，看名远啊！）  [薄荷]环境： 就在古汇边， 摩现筑井气式筑合起 和谐感 筑内和筑容易出片了！ 天天这排队探！  [铃]： 每配工员 但基做到求应 恳恳，亲切感 ： 饮「柠檬茶」和忆沙水 个了「招虾」 对说辣了，但入味 虾弹，份十足 「陈鱼皮」爽口腥，夏日解腻 「牛」出也相当错 「筒辉烤串」赞，  小Tips：以在号拿，午间般比少，开周末间。   		收起评价   
